Product Number	Product Description	U O M	Quantity	Unit Price	Total
43-10020-50	pluriStrainer Mini Cell Strainer, pore size 20 um 1 PAK		1	59.50	59.50
43-10040-50	pluriStrainer Mini Cell Strainer, pore size 40 um 1 PAK		2	59.50	119.00
43-50005-50	pluriStrainer cell strainer, pore size 5 um 1 PAK		1	75.60	75.60
43-50010-03	pluriStrainer cell strainer, pore size 10 um 1 PAK		1	57.00	57.00
43-50020-03	pluriStrainer cell strainer, pore size 20 um 1 PAK		1	57.00	57.00
43-57040-51	pluriStrainer cell strainer, pore size 40 um 1 PAK		1	45.50	45.50
43-57100-51	pluriStrainer cell strainer, pore size 100 um 1 PAK		1	45.50	45.50
43-71100-51	Syringe Strainer laboratory filter, pore size 100 um 1 PAK		1	68.06	68.06
60-00020-10	BSA, 10% in 1X PBS 1 BTL		2	22.80	45.60
60-00030-10	EDTA Solution, 0.2M in PBS 1 BTL		4	7.20	28.80
